SNPID	CHR	POS	EA	NEA	BETA	SE	Z	P	OR	N	STATUS
2:55079388:C:T	2	55079388	T	C	0.19952273	0.1366	1.46065	0.144112	1.22082	503	9960009
2:55079654:A:T	2	55079654	T	A	-0.12676477	0.1341	0.945302	0.344505	0.88094085	503	9960019
2:55080703:A:C	2	55080703	C	A	0.07354786	0.146541	0.501892	0.615744	1.07632	503	9960009
2:55086992:G:A	2	55086992	A	G	-0.21674158	0.310447	-0.698158	0.485078	0.805138	503	9960009
2:55087887:C:T	2	55087887	T	C	-0.059572753	0.156956	-0.379552	0.704278	0.942167	503	9960009
2:55090623:G:A	2	55090623	A	G	-0.041698422	0.13116	0.317941	0.75053	0.959159	503	9960019
2:55091029:C:T	2	55091029	T	C	-0.059572753	0.156956	-0.379552	0.704278	0.942167	503	9960009
2:55092151:T:A	2	55092151	A	T	-0.031027427	0.149924	-0.206953	0.836046	0.969449	503	9960009
2:55097115:C:A	2	55097115	A	C	-0.22781695	0.310807	-0.732985	0.463568	0.79627	503	9960009
2:55098077:C:T	2	55098077	T	C	0.109317236	0.131786	-0.829508	0.406817	1.1155162	503	9960019
2:55099299:A:G	2	55099299	G	A	0.05650322	0.152971	0.369356	0.711862	1.05813	503	9960009
2:55100530:C:T	2	55100530	T	C	0.047618005	0.163969	0.290401	0.771509	1.04877	503	9960009
2:55105528:G:A	2	55105528	A	G	0.12251845	0.250604	0.488906	0.624908	1.13034	503	9960009
2:55112183:G:A	2	55112183	A	G	0.026318297	0.216639	-0.121483	0.903309	1.0266677	503	9960019
2:55112199:C:T	2	55112199	T	C	-0.07595126	0.132966	0.571218	0.567852	0.92686135	503	9960019
2:55117853:C:T	2	55117853	T	C	0.029383995	0.145574	0.201831	0.840049	1.02982	503	9960009
2:55120535:A:G	2	55120535	G	A	-0.24689727	0.309102	-0.798758	0.424431	0.781221	503	9960009
2:55120951:C:T	2	55120951	T	C	-0.037594438	0.213268	0.176298	0.86006	0.9631035	503	9960019
2:55123160:G:A	2	55123160	A	G	0.04228333	0.158419	0.266919	0.789531	1.04319	503	9960009
2:55123379:G:A	2	55123379	A	G	0.25774404	0.29484	-0.874184	0.382018	1.2940075	503	9960019
2:55125360:G:C	2	55125360	C	G	0.2612021	0.250253	1.04374	0.296606	1.29849	503	9960009
2:55125403:A:G	2	55125403	G	A	-0.114321664	0.3058	-0.373844	0.708521	0.891971	503	9960009
2:55127601:A:G	2	55127601	G	A	-0.0063596964	0.145592	0.0436911	0.965151	0.9936605	503	9960019
2:55138302:G:A	2	55138302	A	G	0.1474281	0.136645	1.07891	0.280626	1.15885	503	9960009
2:55139656:A:G	2	55139656	G	A	0.008325278	0.133336	0.0624223	0.950227	1.00836	503	9960009
2:55144454:A:C	2	55144454	C	A	-0.04214916	0.130814	0.322208	0.747295	0.95872676	503	9960019
2:55144465:G:A	2	55144465	A	G	-0.088122174	0.128934	-0.683467	0.494311	0.915649	503	9960009
2:55144935:G:C	2	55144935	C	G	-0.026352197	0.164135	-0.16055	0.872448	0.973992	503	9960009
2:55146000:G:C	2	55146000	C	G	0.37069422	0.267658	1.38495	0.166069	1.44874	503	9960009
2:55146720:A:G	2	55146720	G	A	0.32850486	0.269298	1.21985	0.222521	1.38889	503	9960009
2:55146868:C:T	2	55146868	T	C	-0.038393434	0.139824	0.27458	0.783639	0.9623343	503	9960019
2:55147795:T:A	2	55147795	A	T	-0.077460855	0.218304	0.354845	0.722706	0.92546326	503	9960019
2:55149472:G:A	2	55149472	A	G	-0.119940676	0.170973	0.701507	0.482987	0.8869731	503	9960019
2:55149937:G:A	2	55149937	A	G	-0.09618057	0.14921	-0.644601	0.519186	0.9083	503	9960009
2:55154615:G:A	2	55154615	A	G	-0.008540339	0.208721	-0.0409155	0.967363	0.991496	503	9960009
2:55160965:G:A	2	55160965	A	G	-0.10240045	0.166983	-0.613239	0.539718	0.902668	503	9960009
2:55162765:T:A	2	55162765	A	T	-0.04463871	0.205557	0.217142	0.828098	0.95634294	503	9960019
2:55165772:G:A	2	55165772	A	G	-0.049222782	0.285705	-0.172284	0.863214	0.951969	503	9960009
2:55168190:T:C	2	55168190	C	T	0.04860924	0.274573	0.177037	0.859479	1.04981	503	9960009
2:55173581:T:C	2	55173581	C	T	-0.07166786	0.139833	-0.512525	0.608283	0.93084	503	9960009
2:55174546:C:T	2	55174546	T	C	0.1578581	0.203024	0.777539	0.436841	1.171	503	9960009
2:55176112:C:T	2	55176112	T	C	-0.014295709	0.191893	-0.0744985	0.940614	0.985806	503	9960009
2:55177305:T:C	2	55177305	C	T	0.16745463	0.12871	-1.30102	0.193252	1.1822916	503	9960019
2:55178567:A:G	2	55178567	G	A	0.11174194	0.138771	-0.805225	0.42069	1.1182243	503	9960019
2:55178779:T:C	2	55178779	C	T	0.1074828	0.137661	-0.780776	0.434935	1.1134717	503	9960019
2:55179512:C:A	2	55179512	A	C	-0.06760559	0.1457	-0.464006	0.642644	0.934629	503	9960009
2:55181351:T:C	2	55181351	C	T	0.11298729	0.138208	-0.817512	0.413636	1.1196177	503	9960019
2:55182968:C:A	2	55182968	A	C	0.10578058	0.138131	-0.765799	0.443796	1.111578	503	9960019
2:55183266:T:G	2	55183266	G	T	-0.1407574	0.288549	-0.487811	0.625684	0.8687	503	9960009
2:55184781:A:C	2	55184781	C	A	-0.020703856	0.159225	-0.130029	0.896543	0.979509	503	9960009
2:55187295:G:A	2	55187295	A	G	0.032467183	0.151063	0.214903	0.829843	1.033	503	9960009
2:55193667:C:G	2	55193667	G	C	0.44600126	0.289262	-1.54186	0.123107	1.5620534	503	9960019
2:55195029:G:A	2	55195029	A	G	0.008513703	0.289631	0.0294016	0.976544	1.00855	503	9960009
2:55195220:G:A	2	55195220	A	G	0.041391484	0.291239	0.14212	0.886985	1.04226	503	9960009
2:55197967:A:G	2	55197967	G	A	0.03688144	0.169733	0.217278	0.827992	1.03757	503	9960009
2:55204028:A:C	2	55204028	C	A	0.027586004	0.135666	-0.203339	0.83887	1.0279701	503	9960019
2:55204800:C:G	2	55204800	G	C	0.44600126	0.289262	-1.54186	0.123107	1.5620534	503	9960019
2:55205262:C:A	2	55205262	A	C	0.44600126	0.289262	-1.54186	0.123107	1.5620534	503	9960019
2:55205947:A:G	2	55205947	G	A	0.1477138	0.155291	-0.951206	0.3415	1.1591811	503	9960019
2:55206344:A:T	2	55206344	T	A	0.008097084	0.223652	0.0361994	0.971123	1.00813	503	9960009
2:55208868:G:A	2	55208868	A	G	0.17455219	0.15459	-1.12913	0.258844	1.1907129	503	9960019
2:55212337:T:C	2	55212337	C	T	0.17119645	0.150524	-1.13734	0.255397	1.1867238	503	9960019
2:55212495:T:C	2	55212495	C	T	0.04941855	0.194173	0.254495	0.799113	1.05066	503	9960009
2:55212925:T:C	2	55212925	C	T	0.055188745	0.193096	0.285798	0.775033	1.05674	503	9960009
2:55214015:C:T	2	55214015	T	C	0.16664152	0.150685	-1.1059	0.268771	1.1813307	503	9960019
2:55214618:A:C	2	55214618	C	A	0.15991175	0.151442	-1.05593	0.291	1.1734073	503	9960019
2:55222132:G:A	2	55222132	A	G	0.10339023	0.134851	-0.766701	0.443259	1.108924	503	9960019
2:55227375:C:G	2	55227375	G	C	-0.09332543	0.13411	-0.695887	0.486499	0.910897	503	9960009
2:55228392:C:T	2	55228392	T	C	-0.045408543	0.135747	-0.334513	0.737993	0.955607	503	9960009
2:55228835:T:C	2	55228835	C	T	-0.13363999	0.15499	-0.86225	0.38855	0.874905	503	9960009
2:55231515:G:A	2	55231515	A	G	-0.13934599	0.155182	-0.897951	0.369212	0.869927	503	9960009
2:55233190:G:A	2	55233190	A	G	-0.49060315	0.28771	-1.7052	0.0881574	0.612257	503	9960009
2:55247463:G:T	2	55247463	T	G	0.050807144	0.196072	0.25912	0.795543	1.05212	503	9960009
2:55251511:C:G	2	55251511	G	C	-0.04493879	0.170534	-0.263515	0.792153	0.956056	503	9960009
2:55255870:C:T	2	55255870	T	C	0.116195686	0.132737	-0.875381	0.381367	1.1232157	503	9960019
2:55257409:T:C	2	55257409	C	T	0.06009738	0.194686	0.308689	0.757558	1.06194	503	9960009
2:55257677:C:T	2	55257677	T	C	0.073176086	0.233273	0.313684	0.753761	1.07592	503	9960009
2:55261487:C:A	2	55261487	A	C	0.17612281	0.152349	-1.15605	0.247659	1.1925845	503	9960019
2:55262159:C:G	2	55262159	G	C	0.06009738	0.194686	0.308689	0.757558	1.06194	503	9960009
2:55263143:C:T	2	55263143	T	C	0.054526117	0.195906	0.278326	0.780762	1.05604	503	9960009
2:55265785:C:T	2	55265785	T	C	0.054270376	0.134878	-0.402368	0.687413	1.05577	503	9960019
2:55269886:T:A	2	55269886	A	T	0.13257526	0.154932	-0.8557	0.392164	1.1417649	503	9960019
2:55270485:T:G	2	55270485	G	T	0.07006095	0.135196	-0.518216	0.604308	1.0725735	503	9960019
2:55270975:T:C	2	55270975	C	T	0.04744635	0.194358	0.244095	0.807157	1.04859	503	9960009
2:55271875:C:T	2	55271875	T	C	0.055567145	0.193354	0.287385	0.773818	1.05714	503	9960009
2:55273287:C:T	2	55273287	T	C	0.2600799	0.27815	-0.935034	0.349771	1.2970337	503	9960019
2:55274531:C:T	2	55274531	T	C	-0.14461318	0.172441	-0.838624	0.401681	0.865357	503	9960009
2:55277226:C:T	2	55277226	T	C	-0.12981036	0.171998	-0.754717	0.450418	0.878262	503	9960009
2:55277956:C:G	2	55277956	G	C	0.44032213	0.279683	-1.57436	0.115404	1.5532075	503	9960019
2:55278883:T:C	2	55278883	C	T	0.18725936	0.221872	0.844003	0.398668	1.20594	503	9960009
2:55280532:T:C	2	55280532	C	T	0.015981557	0.226795	0.0704753	0.943815	1.01611	503	9960009
2:55280967:T:C	2	55280967	C	T	0.3505637	0.281084	-1.24718	0.212331	1.4198676	503	9960019
2:55281458:C:T	2	55281458	T	C	-0.17152882	0.132828	-1.29136	0.196578	0.842376	503	9960009
2:55282774:C:T	2	55282774	T	C	0.004300751	0.228809	0.0187823	0.985015	1.00431	503	9960009
2:55287079:G:A	2	55287079	A	G	-0.0082260845	0.134496	0.0611326	0.951254	0.99180764	503	9960019
2:55290651:G:C	2	55290651	C	G	-0.012155857	0.133607	0.0909681	0.927518	0.9879177	503	9960019
2:55293084:A:G	2	55293084	G	A	-0.070096314	0.224229	-0.312608	0.754579	0.932304	503	9960009
2:55296816:G:A	2	55296816	A	G	-0.0058550844	0.163671	-0.0357738	0.971463	0.994162	503	9960009
2:55297629:C:G	2	55297629	G	C	0.017950164	0.132477	-0.135494	0.892222	1.0181122	503	9960019
2:55297818:C:T	2	55297818	T	C	-0.009831459	0.200826	0.0489618	0.96095	0.99021673	503	9960019
2:55298155:T:G	2	55298155	G	T	0.36154678	0.285279	-1.26735	0.205031	1.4355482	503	9960019
2:55298517:T:C	2	55298517	C	T	0.32808053	0.276051	-1.18848	0.234645	1.3883008	503	9960019
2:55300749:A:G	2	55300749	G	A	0.009732184	0.131817	-0.0738342	0.941142	1.0097797	503	9960019
2:55305564:T:C	2	55305564	C	T	0.33611628	0.292033	-1.15095	0.249751	1.3995018	503	9960019
2:55305986:T:G	2	55305986	G	T	0.2582636	0.172209	1.4997	0.133693	1.29468	503	9960009
2:55306398:A:C	2	55306398	C	A	0.33611628	0.292033	-1.15095	0.249751	1.3995018	503	9960019
2:55307646:C:A	2	55307646	A	C	-0.061152235	0.222127	-0.275305	0.783082	0.94068	503	9960009
2:55308451:G:A	2	55308451	A	G	0.100297704	0.148118	0.677148	0.498312	1.1055	503	9960009
2:55314611:A:G	2	55314611	G	A	-0.012126177	0.132581	0.0914853	0.927107	0.98794705	503	9960019
2:55316938:A:G	2	55316938	G	A	-0.03572426	0.13308	0.268422	0.788374	0.96490633	503	9960019
2:55319643:T:C	2	55319643	C	T	-0.14594279	0.154626	0.943838	0.345252	0.86420715	503	9960019
2:55319998:T:G	2	55319998	G	T	0.32208863	0.275545	-1.16892	0.242438	1.380007	503	9960019
2:55320144:A:G	2	55320144	G	A	0.39471066	0.290042	-1.36087	0.173554	1.4839548	503	9960019
2:55321817:C:G	2	55321817	G	C	0.05344088	0.150524	-0.355031	0.722567	1.0548946	503	9960019
2:55323803:G:T	2	55323803	T	G	0.13612056	0.131372	1.03614	0.300136	1.14582	503	9960009
2:55324557:G:C	2	55324557	C	G	0.4963839	0.255395	1.94359	0.0519447	1.64277	503	9960009
2:55325372:C:T	2	55325372	T	C	0.09132959	0.169954	0.537371	0.591011	1.09563	503	9960009
2:55325639:C:G	2	55325639	G	C	0.06913424	0.208885	0.33095	0.740682	1.07158	503	9960009
2:55325911:C:T	2	55325911	T	C	0.23972532	0.147914	1.62073	0.105075	1.2709	503	9960009
2:55328072:C:T	2	55328072	T	C	0.39171305	0.28299	-1.38419	0.1663	1.4795132	503	9960019
2:55333004:T:A	2	55333004	A	T	0.0926157	0.129745	0.71381	0.475345	1.09704	503	9960009
2:55337130:G:C	2	55337130	C	G	-0.054579716	0.1754	-0.311173	0.755669	0.946883	503	9960009
2:55340812:C:G	2	55340812	G	C	-0.5782536	0.304922	-1.8964	0.0579076	0.560877	503	9960009
2:55342116:G:T	2	55342116	T	G	0.24313706	0.131634	-1.84707	0.0647372	1.2752434	503	9960019
2:55343705:G:T	2	55343705	T	G	-0.15469086	0.146999	-1.05233	0.29265	0.85668	503	9960009
2:55345519:G:T	2	55345519	T	G	0.2073022	0.146843	-1.41173	0.158031	1.2303543	503	9960019
2:55346488:C:T	2	55346488	T	C	0.21325013	0.131526	-1.62135	0.104942	1.2376943	503	9960019
2:55346891:A:T	2	55346891	T	A	-0.08775309	0.148297	-0.591739	0.554026	0.915987	503	9960009
2:55347135:G:A	2	55347135	A	G	-0.08164181	0.156038	-0.523218	0.600823	0.921602	503	9960009
2:55349726:A:C	2	55349726	C	A	-0.08164181	0.156038	-0.523218	0.600823	0.921602	503	9960009
2:55353791:A:G	2	55353791	G	A	0.1589172	0.132139	-1.20265	0.229112	1.1722409	503	9960019
2:55354037:T:C	2	55354037	C	T	0.09406391	0.194597	0.483395	0.628815	1.09863	503	9960009
2:55354312:A:G	2	55354312	G	A	0.058532044	0.169278	-0.345776	0.729511	1.060279	503	9960019
2:55354523:G:C	2	55354523	C	G	0.09406391	0.194597	0.483395	0.628815	1.09863	503	9960009
2:55356394:T:A	2	55356394	A	T	0.49547905	0.315377	-1.57107	0.116167	1.6412842	503	9960019
2:55358675:A:G	2	55358675	G	A	0.24573049	0.142692	-1.7221	0.0850522	1.2785549	503	9960019
2:55359614:G:A	2	55359614	A	G	0.25103882	0.132079	1.90065	0.0573473	1.28536	503	9960009
2:55360013:A:G	2	55360013	G	A	0.2589585	0.132534	1.95391	0.0507113	1.29558	503	9960009
2:55362710:T:C	2	55362710	C	T	-0.15985776	0.153256	-1.04307	0.296915	0.852265	503	9960009
2:55362756:C:A	2	55362756	A	C	-0.15985776	0.153256	-1.04307	0.296915	0.852265	503	9960009
2:55363453:G:A	2	55363453	A	G	-0.14978969	0.154016	-0.972561	0.330772	0.860889	503	9960009
2:55363460:G:A	2	55363460	A	G	-0.14978969	0.154016	-0.972561	0.330772	0.860889	503	9960009
2:55365532:G:A	2	55365532	A	G	-0.14978969	0.154016	-0.972561	0.330772	0.860889	503	9960009
2:55371720:C:T	2	55371720	T	C	-0.14978969	0.154016	-0.972561	0.330772	0.860889	503	9960009
2:55376609:T:G	2	55376609	G	T	-0.37237474	0.132492	-2.81054	0.00494583	0.689096	503	9960009
2:55376892:T:G	2	55376892	G	T	0.43866774	0.132514	3.31036	0.000931766	1.55064	503	9960009
2:55378128:G:A	2	55378128	A	G	0.084285975	0.209956	0.401445	0.688093	1.08794	503	9960009
2:55379420:A:G	2	55379420	G	A	0.3771153	0.132932	-2.8369	0.00455542	1.4580724	503	9960019
2:55384226:A:G	2	55384226	G	A	0.36451268	0.132803	-2.74475	0.00605565	1.4398122	503	9960019
2:55385576:C:T	2	55385576	T	C	0.044208243	0.210207	0.210294	0.833438	1.0452	503	9960009
2:55392916:A:T	2	55392916	T	A	0.084387116	0.170744	0.494213	0.621156	1.08805	503	9960009
2:55397522:A:T	2	55397522	T	A	0.44112852	0.138579	-3.18323	0.00145642	1.5544605	503	9960019
2:55405037:T:A	2	55405037	A	T	-0.5243905	0.151166	-3.46896	0.000522481	0.591916	503	9960009
2:55405468:G:A	2	55405468	A	G	0.3712669	0.132904	2.79348	0.00521445	1.44957	503	9960009
2:55407298:T:A	2	55407298	A	T	0.27345708	0.132682	-2.061	0.0393033	1.3145009	503	9960019
2:55410835:C:T	2	55410835	T	C	-0.43464574	0.13863	-3.1353	0.00171678	0.647494	503	9960009
2:55415620:G:T	2	55415620	T	G	0.08157079	0.237075	0.344073	0.730791	1.08499	503	9960009
2:55424229:G:A	2	55424229	A	G	-0.5516841	0.151624	-3.6385	0.000274234	0.575979	503	9960009
2:55426124:T:C	2	55426124	C	T	-0.05697676	0.294339	-0.193577	0.846507	0.944616	503	9960009
2:55426447:A:G	2	55426447	G	A	-0.43782148	0.154747	-2.82927	0.00466548	0.645441	503	9960009
2:55426586:T:G	2	55426586	G	T	0.048294764	0.186606	0.25881	0.795782	1.04948	503	9960009
2:55438573:G:C	2	55438573	C	G	0.08624192	0.188232	0.458149	0.646846	1.09007	503	9960009
2:55449002:A:G	2	55449002	G	A	0.09903052	0.18577	0.533081	0.593977	1.1041	503	9960009
2:55450112:C:T	2	55450112	T	C	0.10167173	0.185544	0.547955	0.583723	1.10702	503	9960009
2:55452014:C:T	2	55452014	T	C	-0.49539042	0.142255	-3.4824	0.000496933	0.609333	503	9960009
2:55458325:A:G	2	55458325	G	A	0.32987309	0.131224	-2.51381	0.0119435	1.3907915	503	9960019
2:55458662:G:C	2	55458662	C	G	0.32987309	0.131224	-2.51381	0.0119435	1.3907915	503	9960019
2:55460017:C:T	2	55460017	T	C	0.14139542	0.260593	0.542603	0.587403	1.15188	503	9960009
2:55460751:C:T	2	55460751	T	C	0.43859333	0.141111	-3.10814	0.00188267	1.5505246	503	9960019
2:55461053:A:G	2	55461053	G	A	-0.51142746	0.154528	-3.30961	0.000934265	0.599639	503	9960009
2:55464700:T:G	2	55464700	G	T	0.1905873	0.254866	0.747786	0.454589	1.20996	503	9960009
2:55465114:G:A	2	55465114	A	G	0.1905873	0.254866	0.747786	0.454589	1.20996	503	9960009
2:55465633:T:G	2	55465633	G	T	-0.48616064	0.142116	-3.42087	0.000624214	0.614983	503	9960009
2:55470115:C:T	2	55470115	T	C	0.39270636	0.139634	-2.81241	0.00491723	1.4809835	503	9960019
2:55478226:A:G	2	55478226	G	A	0.4047524	0.139654	-2.89826	0.00375243	1.4989313	503	9960019
2:55479163:T:C	2	55479163	C	T	0.3081692	0.132419	-2.32722	0.0199536	1.3609313	503	9960019
2:55480845:G:C	2	55480845	C	G	0.21593359	0.256258	0.842627	0.399437	1.24102	503	9960009
2:55482911:C:T	2	55482911	T	C	-0.498739	0.153541	-3.24824	0.00116119	0.607296	503	9960009
2:55489629:T:C	2	55489629	C	T	0.4021985	0.142295	-2.82652	0.00470569	1.495108	503	9960019
2:55491330:G:A	2	55491330	A	G	0.40682006	0.14073	-2.89078	0.00384287	1.5020338	503	9960019
2:55495251:C:T	2	55495251	T	C	-0.61667144	0.146245	-4.2167	2.47905e-05	0.539738	503	9960009
2:55500234:A:G	2	55500234	G	A	-0.5436329	0.151545	-3.58728	0.000334149	0.580635	503	9960009
2:55501125:C:T	2	55501125	T	C	-0.63553894	0.150814	-4.21406	2.50818e-05	0.52965	503	9960009
2:55505456:C:T	2	55505456	T	C	0.31475234	0.129817	2.42459	0.0153256	1.36992	503	9960009
2:55508336:T:C	2	55508336	C	T	0.3417624	0.160291	-2.13213	0.032996	1.4074259	503	9960019
2:55513738:C:T	2	55513738	T	C	0.7526891	0.143049	-5.26176	1.42682e-07	2.1227005	503	9960019
2:55521039:A:G	2	55521039	G	A	0.4898001	0.133715	3.66304	0.000249243	1.63199	503	9960009
2:55539905:C:A	2	55539905	A	C	0.451846	0.194327	2.3252	0.0200615	1.57121	503	9960009
2:55540164:G:A	2	55540164	A	G	0.451846	0.194327	2.3252	0.0200615	1.57121	503	9960009
2:55552396:A:T	2	55552396	T	A	-0.4698286	0.194131	2.42017	0.0155133	0.6251094	503	9960019
2:55554598:G:A	2	55554598	A	G	-0.45238686	0.193536	2.33749	0.0194139	0.63610804	503	9960019
2:55554956:C:A	2	55554956	A	C	-0.94962007	0.160547	-5.9149	3.32068e-09	0.386888	503	9960009
2:55555726:T:C	2	55555726	C	T	-0.9373816	0.159603	-5.8732	4.27452e-09	0.391652	503	9960009
2:55557192:C:T	2	55557192	T	C	0.5503048	0.138467	-3.97427	7.05949e-05	1.7337813	503	9960019
2:55560347:C:A	2	55560347	A	C	0.5503048	0.138467	-3.97427	7.05949e-05	1.7337813	503	9960019
2:55560388:T:C	2	55560388	C	T	-0.4698286	0.194131	2.42017	0.0155133	0.6251094	503	9960019
2:55563020:A:G	2	55563020	G	A	0.47620308	0.134855	3.53119	0.000413688	1.60995	503	9960009
2:55567138:T:C	2	55567138	C	T	0.197202	0.262365	0.751635	0.452271	1.21799	503	9960009
2:55574452:G:C	2	55574452	C	G	-0.960219	0.160813	-5.97102	2.3578e-09	0.382809	503	9960009
2:55577470:T:A	2	55577470	A	T	-0.47185192	0.193139	2.44307	0.0145628	0.6238459	503	9960019
2:55578761:C:T	2	55578761	T	C	-0.93598586	0.159539	-5.86682	4.4422e-09	0.392199	503	9960009
2:55582635:T:C	2	55582635	C	T	-0.93598586	0.159539	-5.86682	4.4422e-09	0.392199	503	9960009
2:55584526:T:C	2	55584526	C	T	0.54512215	0.137317	-3.96981	7.19302e-05	1.724819	503	9960019
2:55585577:A:T	2	55585577	T	A	-0.93598586	0.159539	-5.86682	4.4422e-09	0.392199	503	9960009
2:55587807:G:T	2	55587807	T	G	-0.93745816	0.159079	-5.89302	3.79201e-09	0.391622	503	9960009
2:55596234:A:G	2	55596234	G	A	0.47185192	0.193139	2.44307	0.0145628	1.60296	503	9960009
2:55596691:C:A	2	55596691	A	C	-0.47185192	0.193139	2.44307	0.0145628	0.6238459	503	9960019
2:55598053:T:C	2	55598053	C	T	-0.93745816	0.159079	-5.89302	3.79201e-09	0.391622	503	9960009
2:55601377:G:T	2	55601377	T	G	0.16487016	0.256095	0.64378	0.519718	1.17924	503	9960009
2:55602809:G:A	2	55602809	A	G	0.93745816	0.159079	-5.89302	3.79201e-09	2.5534825	503	9960019
2:55603816:G:A	2	55603816	A	G	0.48920557	0.19372	2.52533	0.0115591	1.63102	503	9960009
2:55605264:A:G	2	55605264	G	A	0.93598586	0.159539	-5.86682	4.4422e-09	2.549726	503	9960019
2:55607452:T:A	2	55607452	A	T	0.47185192	0.193139	2.44307	0.0145628	1.60296	503	9960009
2:55607830:C:T	2	55607830	T	C	0.5392953	0.137487	-3.92252	8.76268e-05	1.7147981	503	9960019
2:55609851:C:T	2	55609851	T	C	0.94660044	0.159341	-5.94072	2.83772e-09	2.5769343	503	9960019
2:55610999:C:T	2	55610999	T	C	0.93745816	0.159079	-5.89302	3.79201e-09	2.5534825	503	9960019
2:55611741:A:G	2	55611741	G	A	0.52765816	0.141357	-3.73281	0.000189353	1.6949583	503	9960019
2:55611766:T:C	2	55611766	C	T	0.47053975	0.13578	-3.46546	0.000529322	1.600858	503	9960019
2:55612986:G:C	2	55612986	C	G	0.9360726	0.159488	-5.86924	4.37802e-09	2.549947	503	9960019
2:55617255:C:T	2	55617255	T	C	0.93745816	0.159079	-5.89302	3.79201e-09	2.5534825	503	9960019
2:55618813:C:T	2	55618813	T	C	0.5604466	0.137338	-4.08077	4.48862e-05	1.7514545	503	9960019
2:55619131:A:C	2	55619131	C	A	0.40777576	0.189934	2.14695	0.0317976	1.50347	503	9960009
2:55619407:C:A	2	55619407	A	C	0.5604466	0.137338	-4.08077	4.48862e-05	1.7514545	503	9960019
2:55619923:C:T	2	55619923	T	C	0.5604466	0.137338	-4.08077	4.48862e-05	1.7514545	503	9960019
2:55620927:G:A	2	55620927	A	G	0.93598586	0.159539	-5.86682	4.4422e-09	2.549726	503	9960019
2:55621660:T:C	2	55621660	C	T	0.55638623	0.13754	-4.04528	5.2261e-05	1.7443575	503	9960019
2:55622431:A:C	2	55622431	C	A	0.5604466	0.137338	-4.08077	4.48862e-05	1.7514545	503	9960019
2:55624923:C:T	2	55624923	T	C	0.42433915	0.190495	2.22757	0.0259092	1.52858	503	9960009
2:55625464:C:T	2	55625464	T	C	0.9391194	0.1587	-5.91757	3.26724e-09	2.557728	503	9960019
2:55627663:T:A	2	55627663	A	T	0.42433915	0.190495	2.22757	0.0259092	1.52858	503	9960009
2:55629483:G:A	2	55629483	A	G	0.42433915	0.190495	2.22757	0.0259092	1.52858	503	9960009
2:55631297:T:G	2	55631297	G	T	0.40777576	0.189934	2.14695	0.0317976	1.50347	503	9960009
2:55632329:T:C	2	55632329	C	T	0.92780674	0.162987	-5.69252	1.25177e-08	2.5289564	503	9960019
2:55632724:T:C	2	55632724	C	T	0.94322264	0.163023	-5.78583	7.2155e-09	2.5682447	503	9960019
2:55635477:C:T	2	55635477	T	C	0.9303846	0.163193	-5.70111	1.19026e-08	2.535484	503	9960019
2:55636351:T:C	2	55636351	C	T	0.9303846	0.163193	-5.70111	1.19026e-08	2.535484	503	9960019
2:55636755:T:C	2	55636755	C	T	0.9303846	0.163193	-5.70111	1.19026e-08	2.535484	503	9960019
2:55636795:A:C	2	55636795	C	A	0.93154395	0.162698	-5.72562	1.03059e-08	2.5384254	503	9960019
2:55638697:T:C	2	55638697	C	T	1.0049416	0.188225	-5.33903	9.34459e-08	2.7317479	503	9960019
2:55642350:T:C	2	55642350	C	T	0.980011	0.186084	-5.26648	1.39061e-07	2.6644855	503	9960019
2:55643047:G:A	2	55643047	A	G	0.980011	0.186084	-5.26648	1.39061e-07	2.6644855	503	9960019
2:55643666:A:C	2	55643666	C	A	0.9797685	0.18678	-5.24557	1.558e-07	2.6638393	503	9960019
2:55650512:G:A	2	55650512	A	G	0.88410676	0.179274	-4.93158	8.15656e-07	2.4208212	503	9960019
2:55650572:G:C	2	55650572	C	G	0.8827786	0.179963	-4.90534	9.32644e-07	2.4176078	503	9960019
2:55650886:G:A	2	55650886	A	G	0.88410676	0.179274	-4.93158	8.15656e-07	2.4208212	503	9960019
2:55650940:C:A	2	55650940	A	C	0.51749617	0.137219	-3.77131	0.000162392	1.6778214	503	9960019
2:55653053:G:C	2	55653053	C	G	0.74023044	0.154471	-4.79204	1.65094e-06	2.0964186	503	9960019
2:55653269:C:A	2	55653269	A	C	0.4242077	0.134458	-3.15494	0.0016053	1.528379	503	9960019
2:55654354:A:G	2	55654354	G	A	0.8274812	0.158336	-5.22612	1.73104e-07	2.2875497	503	9960019
2:55654847:A:G	2	55654847	G	A	0.47603625	0.135498	-3.51323	0.000442689	1.6096814	503	9960019
2:55659155:A:G	2	55659155	G	A	0.43309948	0.13407	-3.23039	0.00123621	1.5420296	503	9960019
2:55662423:T:C	2	55662423	C	T	0.72692114	0.15491	-4.69254	2.69836e-06	2.0687015	503	9960019
2:55666879:G:C	2	55666879	C	G	0.12296953	0.18365	0.669605	0.50311	1.13085	503	9960009
2:55667476:G:T	2	55667476	T	G	0.30157015	0.130982	2.30238	0.0213137	1.35198	503	9960009
2:55669326:A:T	2	55669326	T	A	0.22479814	0.152984	1.46944	0.141713	1.25207	503	9960009
2:55669642:G:C	2	55669642	C	G	0.3991113	0.136006	-2.9345	0.00334081	1.4904995	503	9960019
2:55672357:C:G	2	55672357	G	C	0.2678033	0.181956	1.4718	0.141075	1.30709	503	9960009
2:55676851:T:C	2	55676851	C	T	0.28643382	0.18158	1.57745	0.114692	1.33167	503	9960009
2:55679645:G:A	2	55679645	A	G	0.3265878	0.231558	1.41039	0.158424	1.38623	503	9960009
2:55679688:C:T	2	55679688	T	C	0.30907166	0.128854	2.39861	0.0164575	1.36216	503	9960009
2:55682047:C:T	2	55682047	T	C	0.1952625	0.188749	1.03452	0.300895	1.21563	503	9960009
2:55685127:A:G	2	55685127	G	A	0.4639786	0.133065	-3.48686	0.000488732	1.5903889	503	9960019
2:55685669:G:C	2	55685669	C	G	0.48211676	0.132704	-3.63301	0.000280129	1.6194988	503	9960019
2:55687290:G:C	2	55687290	C	G	0.34902176	0.130826	2.66781	0.00763481	1.41768	503	9960009
2:55689409:T:C	2	55689409	C	T	0.16974273	0.163209	1.04006	0.298314	1.185	503	9960009
2:55692328:C:T	2	55692328	T	C	0.75812465	0.246942	3.07005	0.00214023	2.13427	503	9960009
2:55695696:A:G	2	55695696	G	A	0.44100422	0.13282	-3.32032	0.00089915	1.5542673	503	9960019
2:55696124:A:G	2	55696124	G	A	0.44164318	0.132525	-3.33253	0.000860603	1.5552607	503	9960019
2:55699219:A:T	2	55699219	T	A	0.32400194	0.131319	2.4673	0.0136137	1.38265	503	9960009
2:55706357:T:C	2	55706357	C	T	0.30202124	0.130364	2.31677	0.0205161	1.35259	503	9960009
2:55709416:G:A	2	55709416	A	G	0.34463173	0.131459	2.6216	0.00875169	1.41147	503	9960009
2:55712946:A:C	2	55712946	C	A	0.21488555	0.190712	1.12677	0.259842	1.23972	503	9960009
2:55715227:G:A	2	55715227	A	G	0.09539202	0.193369	0.49332	0.621787	1.10009	503	9960009
2:55720739:G:C	2	55720739	C	G	0.36910334	0.131738	-2.8018	0.0050818	1.446437	503	9960019
2:55723643:G:A	2	55723643	A	G	0.20929612	0.191368	1.09367	0.274101	1.23281	503	9960009
2:55724035:T:C	2	55724035	C	T	0.36910334	0.131738	-2.8018	0.0050818	1.446437	503	9960019
2:55726265:A:G	2	55726265	G	A	0.1931296	0.161784	1.19378	0.232565	1.21304	503	9960009
2:55737453:C:T	2	55737453	T	C	0.22357547	0.136773	1.63468	0.102116	1.25054	503	9960009
2:55743229:G:A	2	55743229	A	G	0.24066906	0.129415	1.85966	0.0629341	1.2721	503	9960009
2:55744978:T:A	2	55744978	A	T	0.245883	0.139835	1.75835	0.0786872	1.27875	503	9960009
2:55745618:A:G	2	55745618	G	A	0.2584798	0.129885	1.99007	0.0465832	1.29496	503	9960009
2:55748731:A:G	2	55748731	G	A	0.2316275	0.135718	1.70669	0.0878804	1.26065	503	9960009
2:55749902:G:A	2	55749902	A	G	0.18497632	0.222526	0.831241	0.405837	1.20319	503	9960009
2:55750248:G:A	2	55750248	A	G	0.26226425	0.130513	2.00948	0.0444859	1.29987	503	9960009
2:55755166:T:C	2	55755166	C	T	0.29045075	0.129676	2.23984	0.0251014	1.33703	503	9960009
2:55759628:G:C	2	55759628	C	G	-0.13768515	0.289628	-0.475386	0.634512	0.871373	503	9960009
2:55760605:C:T	2	55760605	T	C	0.27220035	0.150294	1.8111	0.070126	1.31285	503	9960009
2:55760844:A:T	2	55760844	T	A	-0.100116745	0.150233	0.666434	0.505134	0.9047318	503	9960019
2:55766774:A:G	2	55766774	G	A	0.25345552	0.150222	1.68718	0.0915685	1.28847	503	9960009
2:55780251:T:C	2	55780251	C	T	0.23534083	0.128976	1.8247	0.0680469	1.26534	503	9960009
2:55786739:G:A	2	55786739	A	G	0.26411653	0.149508	1.76655	0.0773034	1.30228	503	9960009
2:55789414:T:C	2	55789414	C	T	0.1836374	0.133274	1.37788	0.168241	1.20158	503	9960009
2:55796220:A:C	2	55796220	C	A	0.2488971	0.149022	1.67018	0.0948831	1.28261	503	9960009
2:55796752:A:T	2	55796752	T	A	0.26343295	0.139138	1.89334	0.0583131	1.30139	503	9960009
2:55796838:G:A	2	55796838	A	G	0.26343295	0.139138	1.89334	0.0583131	1.30139	503	9960009
2:55799800:A:G	2	55799800	G	A	0.26343295	0.139138	1.89334	0.0583131	1.30139	503	9960009
2:55801058:T:C	2	55801058	C	T	-0.03240646	0.29298	-0.110609	0.911926	0.968113	503	9960009
2:55803167:T:A	2	55803167	A	T	-0.21062596	0.179786	-1.17153	0.241385	0.810077	503	9960009
2:55805172:A:C	2	55805172	C	A	-0.20345491	0.181218	-1.1227	0.261563	0.815907	503	9960009
2:55807455:A:T	2	55807455	T	A	0.1119706	0.128994	0.868015	0.385386	1.11848	503	9960009
2:55813333:A:G	2	55813333	G	A	0.23175439	0.135116	1.71523	0.0863026	1.26081	503	9960009
2:55815154:C:T	2	55815154	T	C	0.2821141	0.129343	2.18112	0.0291747	1.32593	503	9960009
2:55816341:A:C	2	55816341	C	A	0.2711181	0.139082	1.94936	0.0512523	1.31143	503	9960009
2:55818419:C:T	2	55818419	T	C	0.09786148	0.178184	0.549222	0.582853	1.10281	503	9960009
2:55820482:C:T	2	55820482	T	C	0.229849	0.128767	1.78502	0.0742578	1.25841	503	9960009
2:55825313:G:A	2	55825313	A	G	0.2711181	0.139082	1.94936	0.0512523	1.31143	503	9960009
2:55826491:T:A	2	55826491	A	T	0.23539612	0.14888	1.58112	0.11385	1.26541	503	9960009
2:55827125:G:A	2	55827125	A	G	-0.03240646	0.29298	-0.110609	0.911926	0.968113	503	9960009
2:55828077:G:A	2	55828077	A	G	0.4683085	0.26844	1.74455	0.0810635	1.59729	503	9960009
2:55828718:G:T	2	55828718	T	G	0.04172723	0.177585	0.234989	0.814218	1.04261	503	9960009
2:55831669:A:T	2	55831669	T	A	0.23203988	0.129294	1.79465	0.0727095	1.26117	503	9960009
2:55836366:C:T	2	55836366	T	C	0.27417126	0.130077	2.10776	0.0350518	1.31544	503	9960009
2:55841640:T:C	2	55841640	C	T	0.16308776	0.222018	0.734577	0.462597	1.17714	503	9960009
2:55843294:T:C	2	55843294	C	T	0.13199274	0.222971	0.591984	0.553862	1.1411	503	9960009
2:55843413:C:T	2	55843413	T	C	0.13199274	0.222971	0.591984	0.553862	1.1411	503	9960009
2:55843638:C:T	2	55843638	T	C	0.229849	0.128767	1.78502	0.0742578	1.25841	503	9960009
2:55843655:T:C	2	55843655	C	T	-0.042950302	0.276575	-0.155292	0.876591	0.957959	503	9960009
2:55844105:C:T	2	55844105	T	C	0.229849	0.128767	1.78502	0.0742578	1.25841	503	9960009
2:55846512:A:T	2	55846512	T	A	0.2746652	0.129495	2.12104	0.0339181	1.31609	503	9960009
2:55848244:T:C	2	55848244	C	T	0.13199274	0.222971	0.591984	0.553862	1.1411	503	9960009
2:55850106:C:G	2	55850106	G	C	0.1609447	0.225907	0.712447	0.476188	1.17462	503	9960009
2:55855611:G:T	2	55855611	T	G	0.2004175	0.128886	-1.55499	0.119947	1.2219129	503	9960019
2:55859216:C:A	2	55859216	A	C	0.17989364	0.133031	1.35229	0.176282	1.19709	503	9960009
2:55873123:C:T	2	55873123	T	C	-0.0006632024	0.273624	-0.00242408	0.998066	0.999337	503	9960009
2:55873215:G:A	2	55873215	A	G	0.1391966	0.224393	0.620312	0.535052	1.14935	503	9960009
2:55873301:T:A	2	55873301	A	T	0.094519	0.219257	0.431088	0.666405	1.09913	503	9960009
2:55876511:C:T	2	55876511	T	C	0.11362326	0.188899	0.601508	0.547502	1.12033	503	9960009
2:55876685:T:C	2	55876685	C	T	-0.006678241	0.281667	-0.0237093	0.981085	0.993344	503	9960009
2:55877214:G:A	2	55877214	A	G	0.24486588	0.136487	1.79407	0.0728021	1.27745	503	9960009
2:55878339:C:T	2	55878339	T	C	0.10041535	0.179868	0.558286	0.576649	1.10563	503	9960009
2:55881816:C:T	2	55881816	T	C	0.2381392	0.12902	-1.84576	0.0649271	1.2688859	503	9960019
2:55882491:A:G	2	55882491	G	A	0.26609576	0.128597	2.06923	0.0385242	1.30486	503	9960009
2:55882652:A:G	2	55882652	G	A	0.36867663	0.27503	1.3405	0.180084	1.44582	503	9960009
2:55882672:T:C	2	55882672	C	T	0.23021853	0.12823	-1.79536	0.0725957	1.2588751	503	9960019
2:55883317:G:T	2	55883317	T	G	0.12867466	0.181556	0.708752	0.478479	1.13732	503	9960009
2:55884363:C:T	2	55884363	T	C	0.1391966	0.224393	0.620312	0.535052	1.14935	503	9960009
2:55884609:T:C	2	55884609	C	T	0.23021853	0.12823	-1.79536	0.0725957	1.2588751	503	9960019
2:55885054:G:A	2	55885054	A	G	-0.2573363	0.127668	2.01569	0.0438324	0.7731082	503	9960019
2:55888612:T:A	2	55888612	A	T	0.20102066	0.130605	1.53916	0.123766	1.22265	503	9960009
2:55889062:G:A	2	55889062	A	G	0.23730588	0.128526	-1.84636	0.0648399	1.2678288	503	9960019
2:55892261:A:C	2	55892261	C	A	0.08737883	0.179693	0.486293	0.626759	1.09131	503	9960009
2:55892356:A:G	2	55892356	G	A	0.08737883	0.179693	0.486293	0.626759	1.09131	503	9960009
2:55897565:T:C	2	55897565	C	T	0.22004585	0.127913	-1.72027	0.0853825	1.2461338	503	9960019
2:55898290:C:G	2	55898290	G	C	0.12867466	0.181556	0.708752	0.478479	1.13732	503	9960009
2:55899228:A:T	2	55899228	T	A	0.22004585	0.127913	-1.72027	0.0853825	1.2461338	503	9960019
2:55900283:A:G	2	55900283	G	A	0.10041535	0.179868	0.558286	0.576649	1.10563	503	9960009
2:55902358:T:C	2	55902358	C	T	0.21572405	0.143388	1.50445	0.132465	1.24076	503	9960009
2:55903299:T:G	2	55903299	G	T	0.23459642	0.128559	-1.8248	0.0680306	1.2643983	503	9960019
2:55903620:G:T	2	55903620	T	G	0.23459642	0.128559	-1.8248	0.0680306	1.2643983	503	9960019
2:55904061:A:G	2	55904061	G	A	0.029888803	0.274673	0.108804	0.913358	1.03034	503	9960009
2:55908317:G:C	2	55908317	C	G	0.099972	0.179233	0.557765	0.577005	1.10514	503	9960009
2:55908428:A:G	2	55908428	G	A	0.21932088	0.127928	-1.71441	0.0864535	1.2452308	503	9960019
2:55908629:T:G	2	55908629	G	T	0.21932088	0.127928	-1.71441	0.0864535	1.2452308	503	9960019
2:55915155:T:A	2	55915155	A	T	0.22947226	0.128244	-1.78934	0.0735593	1.257936	503	9960019
2:55915901:C:A	2	55915901	A	C	0.2047759	0.133255	1.53672	0.124362	1.22725	503	9960009
2:55915904:A:C	2	55915904	C	A	0.094519	0.219257	0.431088	0.666405	1.09913	503	9960009
2:55927288:G:C	2	55927288	C	G	0.09379087	0.219312	0.427675	0.668887	1.09833	503	9960009
2:55928222:A:C	2	55928222	C	A	0.09379087	0.219312	0.427675	0.668887	1.09833	503	9960009
2:55933668:A:G	2	55933668	G	A	0.19440652	0.130205	1.49309	0.135414	1.21459	503	9960009
2:55935395:C:T	2	55935395	T	C	0.2027286	0.131207	1.54511	0.12232	1.22474	503	9960009
2:55936792:G:A	2	55936792	A	G	0.20052165	0.131528	1.52457	0.127367	1.22204	503	9960009
2:55937036:C:T	2	55937036	T	C	0.18932204	0.131211	1.44291	0.149047	1.20843	503	9960009
2:55939235:C:T	2	55939235	T	C	0.12638591	0.143588	0.880178	0.378763	1.13472	503	9960009
2:55939979:A:T	2	55939979	T	A	-0.18937993	0.131221	1.44322	0.148958	0.82747203	503	9960019
2:55943746:C:T	2	55943746	T	C	-0.116506845	0.248945	-0.468001	0.639784	0.890024	503	9960009
2:55944293:G:C	2	55944293	C	G	-0.36792246	0.212473	1.73162	0.0833407	0.69217086	503	9960019
2:55945206:A:G	2	55945206	G	A	-0.2772984	0.204903	1.35331	0.175956	0.75782835	503	9960019
2:55960235:A:T	2	55960235	T	A	0.1304404	0.191871	0.679823	0.496617	1.13933	503	9960009
2:55960919:A:C	2	55960919	C	A	0.014178964	0.215976	0.0656664	0.947643	1.01428	503	9960009
2:55961783:G:A	2	55961783	A	G	-0.018853616	0.126207	-0.149389	0.881247	0.981323	503	9960009
2:55964473:T:C	2	55964473	C	T	-0.0006797387	0.128284	0.005276	0.99579	0.9993205	503	9960019
2:55969356:C:G	2	55969356	G	C	-0.16149002	0.150714	-1.0715	0.283945	0.850875	503	9960009
2:55970231:A:C	2	55970231	C	A	-0.32899433	0.223093	1.4747	0.140292	0.7196471	503	9960019
2:55971155:C:T	2	55971155	T	C	0.014178964	0.215976	0.0656664	0.947643	1.01428	503	9960009
2:55973732:C:T	2	55973732	T	C	-0.15656774	0.146043	1.07208	0.283682	0.8550736	503	9960019
2:55973935:A:T	2	55973935	T	A	-0.3487324	0.223924	1.55737	0.119383	0.7055819	503	9960019
2:55974547:C:T	2	55974547	T	C	-0.32720798	0.222871	1.46815	0.142064	0.7209338	503	9960019
2:55975995:C:G	2	55975995	G	C	-0.008815767	0.165156	-0.0533795	0.95743	0.991223	503	9960009
2:55976499:C:T	2	55976499	T	C	0.014178964	0.215976	0.0656664	0.947643	1.01428	503	9960009
2:55980832:C:T	2	55980832	T	C	-0.1751704	0.149546	-1.17135	0.241458	0.839314	503	9960009
2:55983605:A:G	2	55983605	G	A	-0.16106385	0.14685	1.09677	0.272742	0.8512377	503	9960019
2:55983693:A:G	2	55983693	G	A	0.014178964	0.215976	0.0656664	0.947643	1.01428	503	9960009
2:55994276:C:G	2	55994276	G	C	-0.31749326	0.17292	1.83606	0.0663481	0.72797155	503	9960019
2:55996787:G:A	2	55996787	A	G	-0.3488736	0.199368	1.7499	0.080136	0.7054823	503	9960019
2:56000434:C:T	2	56000434	T	C	-0.29361695	0.199903	1.46879	0.14189	0.7455621	503	9960019
2:56002978:G:A	2	56002978	A	G	0.10059614	0.263231	0.38217	0.702335	1.10583	503	9960009
2:56011881:C:T	2	56011881	T	C	-0.39950743	0.207607	1.92435	0.0543113	0.6706503	503	9960019
2:56013061:A:C	2	56013061	C	A	-0.26895028	0.17003	1.58177	0.113703	0.76418126	503	9960019
2:56016275:T:C	2	56016275	C	T	-0.2711944	0.1677	1.61714	0.105849	0.7624683	503	9960019
2:56020727:T:C	2	56020727	C	T	-0.30459085	0.211505	1.44011	0.149835	0.737425	503	9960019
2:56020962:C:G	2	56020962	G	C	-0.36202163	0.210438	1.72033	0.0853724	0.69626737	503	9960019
2:56021133:C:T	2	56021133	T	C	-0.27742723	0.169935	1.63255	0.102565	0.7577307	503	9960019
2:56021134:A:G	2	56021134	G	A	-0.27742723	0.169935	1.63255	0.102565	0.7577307	503	9960019
2:56022539:G:A	2	56022539	A	G	-0.36202163	0.210438	1.72033	0.0853724	0.69626737	503	9960019
2:56022982:C:A	2	56022982	A	C	-0.36202163	0.210438	1.72033	0.0853724	0.69626737	503	9960019
2:56024634:C:T	2	56024634	T	C	-0.31283072	0.211863	1.47656	0.139794	0.7313737	503	9960019
2:56024665:G:A	2	56024665	A	G	-0.2596375	0.169578	1.53108	0.12575	0.77133113	503	9960019
2:56027098:C:T	2	56027098	T	C	-0.31283072	0.211863	1.47656	0.139794	0.7313737	503	9960019
2:56027225:T:G	2	56027225	G	T	-0.31283072	0.211863	1.47656	0.139794	0.7313737	503	9960019
2:56028127:C:T	2	56028127	T	C	-0.24811712	0.169415	1.46457	0.14304	0.78026855	503	9960019
2:56030504:A:G	2	56030504	G	A	-0.2596375	0.169578	1.53108	0.12575	0.77133113	503	9960019
2:56034990:G:C	2	56034990	C	G	-0.31283072	0.211863	1.47656	0.139794	0.7313737	503	9960019
2:56039510:A:G	2	56039510	G	A	-0.28556234	0.212393	1.3445	0.178786	0.7515915	503	9960019
2:56039930:T:C	2	56039930	C	T	-0.24003997	0.171046	1.40335	0.160513	0.7865964	503	9960019
2:56040552:A:G	2	56040552	G	A	-0.28556234	0.212393	1.3445	0.178786	0.7515915	503	9960019
2:56041133:G:A	2	56041133	A	G	-0.31283072	0.211863	1.47656	0.139794	0.7313737	503	9960019
2:56042480:C:T	2	56042480	T	C	0.03453672	0.23025	0.149999	0.880766	1.03514	503	9960009
2:56044182:C:A	2	56044182	A	C	-0.31283072	0.211863	1.47656	0.139794	0.7313737	503	9960019
2:56045307:C:T	2	56045307	T	C	-0.24067691	0.169593	1.41912	0.155864	0.78609556	503	9960019
2:56046438:G:A	2	56046438	A	G	-0.31283072	0.211863	1.47656	0.139794	0.7313737	503	9960019
2:56047038:G:A	2	56047038	A	G	-0.20906086	0.171011	1.2225	0.221519	0.8113459	503	9960019
2:56048107:G:C	2	56048107	C	G	-0.24067691	0.169593	1.41912	0.155864	0.78609556	503	9960019
2:56074410:C:A	2	56074410	A	C	-0.23892248	0.203308	1.17516	0.239932	0.78747594	503	9960019
2:56074415:C:A	2	56074415	A	C	-0.38518754	0.21441	1.7965	0.0724152	0.680323	503	9960019
